{
  "batch_sizes": [
    512
  ],
  "best_by_batch": {
    "512": {
      "batch_size": 512,
      "elapsed_seconds": 92.28800535202026,
      "final_observed_epoch": 60,
      "final_val_loss": 4.356306076049805,
      "first_train_loss": 5.7721757888793945,
      "last_train_loss": 4.076197624206543,
      "learning_rate": 0.5,
      "max_val_loss_increase": 0.00943899154663086,
      "max_val_loss_increase_ratio": 0.0019473458153658422,
      "mean_train_loss": 4.649410875638326,
      "min_observed_val_loss": 4.356306076049805,
      "negative_count": 128,
      "observe_epochs": 50,
      "ok": true,
      "peak_memory_mb": 12910.029296875,
      "post_warmup_epoch": 10,
      "post_warmup_val_loss": 4.847105979919434,
      "reserved_memory_mb": 16600.0,
      "scaled_learning_rate": 1.0,
      "score": 0.07930893079647477,
      "selection_score": 0.07930893079647477,
      "steps_per_epoch": 1,
      "temperature": 0.1,
      "train_loss_delta": 1.6959781646728516,
      "train_loss_drop_ratio": 0.29381956244996954,
      "train_steps": 60,
      "val_epochs": [
        10,
        15,
        20,
        25,
        30,
        35,
        40,
        45,
        50,
        55,
        60
      ],
      "val_every_epochs": 5,
      "val_loss_delta": 0.4907999038696289,
      "val_loss_drop_ratio": 0.10125627661184061,
      "val_loss_improved_after_warmup": true,
      "val_loss_increase_count": 1,
      "val_loss_monotonic_after_warmup": false,
      "val_losses": [
        4.847105979919434,
        4.845839500427246,
        4.855278491973877,
        4.853298187255859,
        4.848833084106445,
        4.839384078979492,
        4.8157148361206055,
        4.740925312042236,
        4.614916801452637,
        4.473593235015869,
        4.356306076049805
      ],
      "val_steps": 1,
      "warmup_epochs": 10
    }
  },
  "dataset": "cifar10",
  "learning_rates": [
    0.5,
    1.0,
    1.5
  ],
  "negative_counts": [
    64,
    128,
    256,
    512
  ],
  "note": "RSCL smoke search uses SimCLR learning-rate and temperature sweeps plus random negative count, ranking validation loss improvement after warmup with stability penalties.",
  "observe_epochs": 50,
  "partial": true,
  "results": [
    {
      "batch_size": 512,
      "elapsed_seconds": 101.28100657463074,
      "final_observed_epoch": 60,
      "final_val_loss": 3.7311627864837646,
      "first_train_loss": 5.087629318237305,
      "last_train_loss": 3.4246349334716797,
      "learning_rate": 0.5,
      "max_val_loss_increase": 0.023529529571533203,
      "max_val_loss_increase_ratio": 0.0056725647775399315,
      "mean_train_loss": 4.049202501773834,
      "min_observed_val_loss": 3.7311627864837646,
      "negative_count": 64,
      "observe_epochs": 50,
      "ok": true,
      "peak_memory_mb": 14335.11279296875,
      "post_warmup_epoch": 10,
      "post_warmup_val_loss": 4.147952556610107,
      "reserved_memory_mb": 16612.0,
      "scaled_learning_rate": 1.0,
      "score": 0.05480827834641373,
      "selection_score": 0.05480827834641373,
      "steps_per_epoch": 1,
      "temperature": 0.1,
      "train_loss_delta": 1.662994384765625,
      "train_loss_drop_ratio": 0.32687019449400406,
      "train_steps": 60,
      "val_epochs": [
        10,
        15,
        20,
        25,
        30,
        35,
        40,
        45,
        50,
        55,
        60
      ],
      "val_every_epochs": 5,
      "val_loss_delta": 0.4167897701263428,
      "val_loss_drop_ratio": 0.10048084312395367,
      "val_loss_improved_after_warmup": true,
      "val_loss_increase_count": 2,
      "val_loss_monotonic_after_warmup": false,
      "val_losses": [
        4.147952556610107,
        4.171482086181641,
        4.172091484069824,
        4.168612480163574,
        4.166936874389648,
        4.160914421081543,
        4.137382984161377,
        4.068282127380371,
        3.9755022525787354,
        3.852221965789795,
        3.7311627864837646
      ],
      "val_steps": 1,
      "warmup_epochs": 10
    },
    {
      "batch_size": 512,
      "elapsed_seconds": 92.28800535202026,
      "final_observed_epoch": 60,
      "final_val_loss": 4.356306076049805,
      "first_train_loss": 5.7721757888793945,
      "last_train_loss": 4.076197624206543,
      "learning_rate": 0.5,
      "max_val_loss_increase": 0.00943899154663086,
      "max_val_loss_increase_ratio": 0.0019473458153658422,
      "mean_train_loss": 4.649410875638326,
      "min_observed_val_loss": 4.356306076049805,
      "negative_count": 128,
      "observe_epochs": 50,
      "ok": true,
      "peak_memory_mb": 12910.029296875,
      "post_warmup_epoch": 10,
      "post_warmup_val_loss": 4.847105979919434,
      "reserved_memory_mb": 16600.0,
      "scaled_learning_rate": 1.0,
      "score": 0.07930893079647477,
      "selection_score": 0.07930893079647477,
      "steps_per_epoch": 1,
      "temperature": 0.1,
      "train_loss_delta": 1.6959781646728516,
      "train_loss_drop_ratio": 0.29381956244996954,
      "train_steps": 60,
      "val_epochs": [
        10,
        15,
        20,
        25,
        30,
        35,
        40,
        45,
        50,
        55,
        60
      ],
      "val_every_epochs": 5,
      "val_loss_delta": 0.4907999038696289,
      "val_loss_drop_ratio": 0.10125627661184061,
      "val_loss_improved_after_warmup": true,
      "val_loss_increase_count": 1,
      "val_loss_monotonic_after_warmup": false,
      "val_losses": [
        4.847105979919434,
        4.845839500427246,
        4.855278491973877,
        4.853298187255859,
        4.848833084106445,
        4.839384078979492,
        4.8157148361206055,
        4.740925312042236,
        4.614916801452637,
        4.473593235015869,
        4.356306076049805
      ],
      "val_steps": 1,
      "warmup_epochs": 10
    },
    {
      "batch_size": 512,
      "elapsed_seconds": 92.01997351646423,
      "final_observed_epoch": 60,
      "final_val_loss": 5.126336097717285,
      "first_train_loss": 6.467262268066406,
      "last_train_loss": 4.8354268074035645,
      "learning_rate": 0.5,
      "max_val_loss_increase": 0.004214286804199219,
      "max_val_loss_increase_ratio": 0.0007622730883445013,
      "mean_train_loss": 5.382359472910563,
      "min_observed_val_loss": 5.126336097717285,
      "negative_count": 256,
      "observe_epochs": 50,
      "ok": true,
      "peak_memory_mb": 12910.029296875,
      "post_warmup_epoch": 10,
      "post_warmup_val_loss": 5.528578758239746,
      "reserved_memory_mb": 16600.0,
      "scaled_learning_rate": 1.0,
      "score": 0.03199470083066894,
      "selection_score": 0.03199470083066894,
      "steps_per_epoch": 1,
      "temperature": 0.1,
      "train_loss_delta": 1.6318354606628418,
      "train_loss_drop_ratio": 0.2523224500605773,
      "train_steps": 60,
      "val_epochs": [
        10,
        15,
        20,
        25,
        30,
        35,
        40,
        45,
        50,
        55,
        60
      ],
      "val_every_epochs": 5,
      "val_loss_delta": 0.40224266052246094,
      "val_loss_drop_ratio": 0.07275697391901344,
      "val_loss_improved_after_warmup": true,
      "val_loss_increase_count": 2,
      "val_loss_monotonic_after_warmup": false,
      "val_losses": [
        5.528578758239746,
        5.526460647583008,
        5.530674934387207,
        5.533477306365967,
        5.5261054039001465,
        5.512413024902344,
        5.488924026489258,
        5.412079811096191,
        5.368382453918457,
        5.262932300567627,
        5.126336097717285
      ],
      "val_steps": 1,
      "warmup_epochs": 10
    }
  ],
  "steps_per_epoch": 1,
  "temperatures": [
    0.1,
    0.5,
    1.0
  ],
  "val_every_epochs": 5,
  "val_steps": 1,
  "warmup_epochs": 10
}