{
  "batch_sizes": [
    512
  ],
  "best_by_batch": {
    "512": {
      "batch_size": 512,
      "elapsed_seconds": 16.920873641967773,
      "final_observed_epoch": 3,
      "final_val_loss": 4.165379047393799,
      "first_train_loss": 4.146450996398926,
      "last_train_loss": 4.157511234283447,
      "learning_rate": 0.5,
      "max_val_loss_increase": 0.017799854278564453,
      "max_val_loss_increase_ratio": 0.004270693971467385,
      "mean_train_loss": 4.149908542633057,
      "min_observed_val_loss": 4.147579193115234,
      "negative_count": 64,
      "observe_epochs": 2,
      "ok": true,
      "peak_memory_mb": 14335.11279296875,
      "post_warmup_epoch": 1,
      "post_warmup_val_loss": 4.167906761169434,
      "reserved_memory_mb": 15446.0,
      "scaled_learning_rate": 1.0,
      "score": -0.023664223164782273,
      "selection_score": -0.023664223164782273,
      "steps_per_epoch": 1,
      "temperature": 1.0,
      "train_loss_delta": -0.011060237884521484,
      "train_loss_drop_ratio": -0.0026673986727750996,
      "train_steps": 3,
      "val_epochs": [
        1,
        2,
        3
      ],
      "val_every_epochs": 1,
      "val_loss_delta": 0.0025277137756347656,
      "val_loss_drop_ratio": 0.0006064708066851136,
      "val_loss_improved_after_warmup": true,
      "val_loss_increase_count": 1,
      "val_loss_monotonic_after_warmup": false,
      "val_losses": [
        4.167906761169434,
        4.147579193115234,
        4.165379047393799
      ],
      "val_steps": 1,
      "warmup_epochs": 1
    }
  },
  "dataset": "cifar10",
  "learning_rates": [
    0.5
  ],
  "negative_counts": [
    64
  ],
  "note": "RSCL smoke search uses SimCLR learning-rate and temperature sweeps plus random negative count, ranking validation loss improvement after warmup with stability penalties.",
  "observe_epochs": 2,
  "partial": false,
  "results": [
    {
      "batch_size": 512,
      "elapsed_seconds": 16.920873641967773,
      "final_observed_epoch": 3,
      "final_val_loss": 4.165379047393799,
      "first_train_loss": 4.146450996398926,
      "last_train_loss": 4.157511234283447,
      "learning_rate": 0.5,
      "max_val_loss_increase": 0.017799854278564453,
      "max_val_loss_increase_ratio": 0.004270693971467385,
      "mean_train_loss": 4.149908542633057,
      "min_observed_val_loss": 4.147579193115234,
      "negative_count": 64,
      "observe_epochs": 2,
      "ok": true,
      "peak_memory_mb": 14335.11279296875,
      "post_warmup_epoch": 1,
      "post_warmup_val_loss": 4.167906761169434,
      "reserved_memory_mb": 15446.0,
      "scaled_learning_rate": 1.0,
      "score": -0.023664223164782273,
      "selection_score": -0.023664223164782273,
      "steps_per_epoch": 1,
      "temperature": 1.0,
      "train_loss_delta": -0.011060237884521484,
      "train_loss_drop_ratio": -0.0026673986727750996,
      "train_steps": 3,
      "val_epochs": [
        1,
        2,
        3
      ],
      "val_every_epochs": 1,
      "val_loss_delta": 0.0025277137756347656,
      "val_loss_drop_ratio": 0.0006064708066851136,
      "val_loss_improved_after_warmup": true,
      "val_loss_increase_count": 1,
      "val_loss_monotonic_after_warmup": false,
      "val_losses": [
        4.167906761169434,
        4.147579193115234,
        4.165379047393799
      ],
      "val_steps": 1,
      "warmup_epochs": 1
    }
  ],
  "steps_per_epoch": 1,
  "temperatures": [
    1.0
  ],
  "val_every_epochs": 1,
  "val_steps": 1,
  "warmup_epochs": 1
}