{
  "batch_sizes": [
    512
  ],
  "best_by_batch": {
    "512": {
      "batch_size": 512,
      "elapsed_seconds": 91.9918122291565,
      "final_observed_epoch": 60,
      "final_val_loss": 4.109610557556152,
      "first_train_loss": 5.718135356903076,
      "last_train_loss": 3.958059310913086,
      "learning_rate": 0.5,
      "max_val_loss_increase": 0.006096363067626953,
      "max_val_loss_increase_ratio": 0.0012585510843276478,
      "mean_train_loss": 4.535320397218069,
      "min_observed_val_loss": 4.109610557556152,
      "negative_count": 128,
      "observe_epochs": 50,
      "ok": true,
      "peak_memory_mb": 12910.529296875,
      "post_warmup_epoch": 10,
      "post_warmup_val_loss": 4.843953609466553,
      "reserved_memory_mb": 14926.0,
      "scaled_learning_rate": 1.0,
      "score": 0.11034138382736754,
      "selection_score": 0.11034138382736754,
      "steps_per_epoch": 1,
      "temperature": 0.1,
      "train_loss_delta": 1.7600760459899902,
      "train_loss_drop_ratio": 0.30780594304490927,
      "train_steps": 60,
      "val_epochs": [
        10,
        15,
        20,
        25,
        30,
        35,
        40,
        45,
        50,
        55,
        60
      ],
      "val_every_epochs": 5,
      "val_loss_delta": 0.7343430519104004,
      "val_loss_drop_ratio": 0.15159993491169518,
      "val_loss_improved_after_warmup": true,
      "val_loss_increase_count": 2,
      "val_loss_monotonic_after_warmup": false,
      "val_losses": [
        4.843953609466553,
        4.85004997253418,
        4.850632667541504,
        4.849764823913574,
        4.844056129455566,
        4.830289840698242,
        4.79085636138916,
        4.695918083190918,
        4.538097381591797,
        4.338977813720703,
        4.109610557556152
      ],
      "val_steps": 1,
      "warmup_epochs": 10
    }
  },
  "dataset": "cifar100",
  "learning_rates": [
    0.5,
    1.0,
    1.5
  ],
  "negative_counts": [
    64,
    128,
    256,
    512
  ],
  "note": "RSCL smoke search uses SimCLR learning-rate and temperature sweeps plus random negative count, ranking validation loss improvement after warmup with stability penalties.",
  "observe_epochs": 50,
  "partial": true,
  "results": [
    {
      "batch_size": 512,
      "elapsed_seconds": 103.20652985572815,
      "final_observed_epoch": 60,
      "final_val_loss": 3.4189164638519287,
      "first_train_loss": 5.027091979980469,
      "last_train_loss": 3.2601683139801025,
      "learning_rate": 0.5,
      "max_val_loss_increase": 0.037738800048828125,
      "max_val_loss_increase_ratio": 0.009139880686354874,
      "mean_train_loss": 3.8451825817426046,
      "min_observed_val_loss": 3.4189164638519287,
      "negative_count": 64,
      "observe_epochs": 50,
      "ok": true,
      "peak_memory_mb": 14335.11279296875,
      "post_warmup_epoch": 10,
      "post_warmup_val_loss": 4.129025459289551,
      "reserved_memory_mb": 14940.0,
      "scaled_learning_rate": 1.0,
      "score": 0.10283992482441207,
      "selection_score": 0.10283992482441207,
      "steps_per_epoch": 1,
      "temperature": 0.1,
      "train_loss_delta": 1.7669236660003662,
      "train_loss_drop_ratio": 0.3514802738913146,
      "train_steps": 60,
      "val_epochs": [
        10,
        15,
        20,
        25,
        30,
        35,
        40,
        45,
        50,
        55,
        60
      ],
      "val_every_epochs": 5,
      "val_loss_delta": 0.7101089954376221,
      "val_loss_drop_ratio": 0.17197980551076694,
      "val_loss_improved_after_warmup": true,
      "val_loss_increase_count": 3,
      "val_loss_monotonic_after_warmup": false,
      "val_losses": [
        4.129025459289551,
        4.166764259338379,
        4.167367935180664,
        4.164851665496826,
        4.1659650802612305,
        4.160002708435059,
        4.10830020904541,
        3.922140121459961,
        3.7221453189849854,
        3.5315186977386475,
        3.4189164638519287
      ],
      "val_steps": 1,
      "warmup_epochs": 10
    },
    {
      "batch_size": 512,
      "elapsed_seconds": 91.9918122291565,
      "final_observed_epoch": 60,
      "final_val_loss": 4.109610557556152,
      "first_train_loss": 5.718135356903076,
      "last_train_loss": 3.958059310913086,
      "learning_rate": 0.5,
      "max_val_loss_increase": 0.006096363067626953,
      "max_val_loss_increase_ratio": 0.0012585510843276478,
      "mean_train_loss": 4.535320397218069,
      "min_observed_val_loss": 4.109610557556152,
      "negative_count": 128,
      "observe_epochs": 50,
      "ok": true,
      "peak_memory_mb": 12910.529296875,
      "post_warmup_epoch": 10,
      "post_warmup_val_loss": 4.843953609466553,
      "reserved_memory_mb": 14926.0,
      "scaled_learning_rate": 1.0,
      "score": 0.11034138382736754,
      "selection_score": 0.11034138382736754,
      "steps_per_epoch": 1,
      "temperature": 0.1,
      "train_loss_delta": 1.7600760459899902,
      "train_loss_drop_ratio": 0.30780594304490927,
      "train_steps": 60,
      "val_epochs": [
        10,
        15,
        20,
        25,
        30,
        35,
        40,
        45,
        50,
        55,
        60
      ],
      "val_every_epochs": 5,
      "val_loss_delta": 0.7343430519104004,
      "val_loss_drop_ratio": 0.15159993491169518,
      "val_loss_improved_after_warmup": true,
      "val_loss_increase_count": 2,
      "val_loss_monotonic_after_warmup": false,
      "val_losses": [
        4.843953609466553,
        4.85004997253418,
        4.850632667541504,
        4.849764823913574,
        4.844056129455566,
        4.830289840698242,
        4.79085636138916,
        4.695918083190918,
        4.538097381591797,
        4.338977813720703,
        4.109610557556152
      ],
      "val_steps": 1,
      "warmup_epochs": 10
    }
  ],
  "steps_per_epoch": 1,
  "temperatures": [
    0.1,
    0.5,
    1.0
  ],
  "val_every_epochs": 5,
  "val_steps": 1,
  "warmup_epochs": 10
}