{
  "batch_sizes": [
    256
  ],
  "best_by_batch": {
    "256": {
      "batch_size": 256,
      "elapsed_seconds": 6.750730752944946,
      "final_observed_epoch": 2,
      "final_val_loss": 6.217931747436523,
      "first_train_loss": 6.207715034484863,
      "last_train_loss": 6.202967643737793,
      "learning_rate": 0.5,
      "max_val_loss_increase": 0.0,
      "max_val_loss_increase_ratio": 0.0,
      "mean_train_loss": 6.205341339111328,
      "min_observed_val_loss": 6.217931747436523,
      "observe_epochs": 1,
      "ok": true,
      "peak_memory_mb": 8464.98779296875,
      "post_warmup_epoch": 1,
      "post_warmup_val_loss": 6.330128192901611,
      "reserved_memory_mb": 8582.0,
      "scaled_learning_rate": 0.5,
      "score": 0.01772419800137715,
      "selection_score": 0.01772419800137715,
      "steps_per_epoch": 1,
      "temperature": 0.5,
      "train_loss_delta": 0.0047473907470703125,
      "train_loss_drop_ratio": 0.000764756552241491,
      "train_steps": 2,
      "val_epochs": [
        1,
        2
      ],
      "val_every_epochs": 1,
      "val_loss_delta": 0.11219644546508789,
      "val_loss_drop_ratio": 0.01772419800137715,
      "val_loss_improved_after_warmup": true,
      "val_loss_increase_count": 0,
      "val_loss_monotonic_after_warmup": true,
      "val_losses": [
        6.330128192901611,
        6.217931747436523
      ],
      "val_steps": 1,
      "warmup_epochs": 1
    }
  },
  "dataset": "cifar10",
  "learning_rates": [
    0.5
  ],
  "note": "Smoke search ranks combinations by validation loss improvement after warmup, penalizing unstable validation increases. Use full pretraining and linear eval for final selection.",
  "observe_epochs": 1,
  "results": [
    {
      "batch_size": 256,
      "elapsed_seconds": 6.750730752944946,
      "final_observed_epoch": 2,
      "final_val_loss": 6.217931747436523,
      "first_train_loss": 6.207715034484863,
      "last_train_loss": 6.202967643737793,
      "learning_rate": 0.5,
      "max_val_loss_increase": 0.0,
      "max_val_loss_increase_ratio": 0.0,
      "mean_train_loss": 6.205341339111328,
      "min_observed_val_loss": 6.217931747436523,
      "observe_epochs": 1,
      "ok": true,
      "peak_memory_mb": 8464.98779296875,
      "post_warmup_epoch": 1,
      "post_warmup_val_loss": 6.330128192901611,
      "reserved_memory_mb": 8582.0,
      "scaled_learning_rate": 0.5,
      "score": 0.01772419800137715,
      "selection_score": 0.01772419800137715,
      "steps_per_epoch": 1,
      "temperature": 0.5,
      "train_loss_delta": 0.0047473907470703125,
      "train_loss_drop_ratio": 0.000764756552241491,
      "train_steps": 2,
      "val_epochs": [
        1,
        2
      ],
      "val_every_epochs": 1,
      "val_loss_delta": 0.11219644546508789,
      "val_loss_drop_ratio": 0.01772419800137715,
      "val_loss_improved_after_warmup": true,
      "val_loss_increase_count": 0,
      "val_loss_monotonic_after_warmup": true,
      "val_losses": [
        6.330128192901611,
        6.217931747436523
      ],
      "val_steps": 1,
      "warmup_epochs": 1
    }
  ],
  "steps_per_epoch": 1,
  "temperatures": [
    0.5
  ],
  "val_every_epochs": 1,
  "val_steps": 1,
  "warmup_epochs": 1
}