{
  "amp": true,
  "batch_sizes": [
    512,
    1024
  ],
  "device": {
    "device": "cuda",
    "name": "NVIDIA L40S",
    "total_memory_mb": 45457.5625
  },
  "image_size": 32,
  "models": {
    "simclr": {
      "max_batch_size": 1024,
      "tested": {
        "1024": {
          "batch_size": 1024,
          "elapsed_seconds": 1.5581367015838623,
          "loss": 7.636209487915039,
          "model": "simclr",
          "ok": true,
          "peak_memory_mb": 25410.86279296875,
          "reserved_memory_mb": 30566.0
        },
        "512": {
          "batch_size": 512,
          "elapsed_seconds": 1.2912178039550781,
          "loss": 6.950437545776367,
          "model": "simclr",
          "ok": true,
          "peak_memory_mb": 12801.11279296875,
          "reserved_memory_mb": 15396.0
        }
      }
    }
  }
}